Code,Country,Year,Tourism_expenditure,Tourist_arrivals
4,Afghanistan,2010,147.0,
4,Afghanistan,2019,85.0,
4,Afghanistan,2020,75.0,
8,Albania,1995,70.0,
8,Albania,2005,880.0,
8,Albania,2010,1778.0,2191.0
8,Albania,2019,2458.0,6128.0
8,Albania,2020,1243.0,2604.0
8,Albania,2021,2480.0,5515.0
12,Algeria,1995,,520.0
12,Algeria,2005,477.0,1443.0
12,Algeria,2010,324.0,2070.0
12,Algeria,2019,140.0,2371.0
12,Algeria,2020,50.0,591.0
12,Algeria,2021,83.0,125.0
16,American Samoa,1995,,34.0
16,American Samoa,2005,,25.0
16,American Samoa,2010,,23.0
16,American Samoa,2019,,19.0
16,American Samoa,2020,,1.0
20,Andorra,2005,,2418.0
20,Andorra,2010,,1808.0
20,Andorra,2019,1910.0,3090.0
20,Andorra,2020,1351.0,1872.0
20,Andorra,2021,,1949.0
24,Angola,1995,27.0,9.0
24,Angola,2005,103.0,210.0
24,Angola,2010,726.0,425.0
24,Angola,2019,395.0,218.0
24,Angola,2020,19.0,64.0
24,Angola,2021,23.0,64.0
28,Antigua and Barbuda,1995,247.0,220.0
28,Antigua and Barbuda,2005,309.0,245.0
28,Antigua and Barbuda,2010,298.0,230.0
28,Antigua and Barbuda,2019,904.0,301.0
28,Antigua and Barbuda,2020,412.0,125.0
28,Antigua and Barbuda,2021,546.0,169.0
31,Azerbaijan,1995,87.0,
31,Azerbaijan,2005,100.0,693.0
31,Azerbaijan,2010,792.0,1280.0
31,Azerbaijan,2019,2004.0,2876.0
31,Azerbaijan,2020,340.0,587.0
31,Azerbaijan,2021,368.0,
32,Argentina,1995,2550.0,2289.0
32,Argentina,2005,3209.0,3823.0
32,Argentina,2010,5605.0,6800.0
32,Argentina,2019,5654.0,7399.0
32,Argentina,2020,1794.0,2090.0
32,Argentina,2021,445.0,297.0
36,Australia,1995,10370.0,3726.0
36,Australia,2005,19719.0,5499.0
36,Australia,2010,31064.0,5790.0
36,Australia,2019,47953.0,9466.0
36,Australia,2020,26235.0,1828.0
36,Australia,2021,17132.0,246.0
40,Austria,1995,13435.0,17173.0
40,Austria,2005,16243.0,19952.0
40,Austria,2010,18751.0,22004.0
40,Austria,2019,22983.0,31884.0
40,Austria,2020,13706.0,15091.0
40,Austria,2021,9841.0,12728.0
44,Bahamas,1995,1356.0,1598.0
44,Bahamas,2005,2081.0,1625.0
44,Bahamas,2010,2159.0,1378.0
44,Bahamas,2019,4150.0,1807.0
44,Bahamas,2020,972.0,441.0
44,Bahamas,2021,2334.0,891.0
48,Bahrain,1995,593.0,2311.0
48,Bahrain,2005,1603.0,6313.0
48,Bahrain,2010,2163.0,11952.0
48,Bahrain,2019,3860.0,11061.0
48,Bahrain,2020,724.0,1909.0
48,Bahrain,2021,1886.0,3612.0
50,Bangladesh,1995,,156.0
50,Bangladesh,2005,82.0,208.0
50,Bangladesh,2010,103.0,139.0
50,Bangladesh,2019,391.0,323.0
50,Bangladesh,2020,218.0,182.0
50,Bangladesh,2021,273.0,135.0
51,Armenia,1995,14.0,12.0
51,Armenia,2005,243.0,319.0
51,Armenia,2010,694.0,684.0
51,Armenia,2019,1553.0,1894.0
51,Armenia,2020,297.0,375.0
51,Armenia,2021,813.0,870.0
52,Barbados,1995,628.0,442.0
52,Barbados,2005,905.0,548.0
52,Barbados,2010,1041.0,532.0
52,Barbados,2019,1250.0,523.0
52,Barbados,2020,577.0,207.0
52,Barbados,2021,575.0,144.0
56,Belgium,1995,,5560.0
56,Belgium,2005,10881.0,6747.0
56,Belgium,2010,12680.0,7186.0
56,Belgium,2019,10516.0,9343.0
56,Belgium,2020,7227.0,2584.0
56,Belgium,2021,7336.0,3243.0
60,Bermuda,1995,488.0,387.0
60,Bermuda,2005,429.0,270.0
60,Bermuda,2010,442.0,232.0
60,Bermuda,2019,601.0,269.0
60,Bermuda,2020,94.0,42.0
60,Bermuda,2021,145.0,72.0
64,Bhutan,1995,5.0,5.0
64,Bhutan,2005,19.0,14.0
64,Bhutan,2010,64.0,41.0
64,Bhutan,2019,120.0,316.0
64,Bhutan,2020,84.0,30.0
64,Bhutan,2021,4.0,0.0
68,Bolivia,1995,92.0,284.0
68,Bolivia,2005,345.0,524.0
68,Bolivia,2010,339.0,679.0
68,Bolivia,2019,977.0,1239.0
68,Bolivia,2020,240.0,323.0
68,Bolivia,2021,270.0,180.0
70,Bosnia and Herzegovina,2005,557.0,217.0
70,Bosnia and Herzegovina,2010,662.0,365.0
70,Bosnia and Herzegovina,2019,1225.0,1198.0
70,Bosnia and Herzegovina,2020,443.0,197.0
70,Bosnia and Herzegovina,2021,1003.0,502.0
72,Botswana,1995,176.0,521.0
72,Botswana,2005,563.0,1474.0
72,Botswana,2010,440.0,1973.0
72,Botswana,2019,712.0,
72,Botswana,2020,258.0,329.0
72,Botswana,2021,295.0,
76,Brazil,1995,1085.0,1991.0
76,Brazil,2005,4168.0,5358.0
76,Brazil,2010,5522.0,5161.0
76,Brazil,2019,6127.0,6353.0
76,Brazil,2020,3099.0,2146.0
76,Brazil,2021,3005.0,746.0
84,Belize,1995,78.0,131.0
84,Belize,2005,214.0,237.0
84,Belize,2010,264.0,242.0
84,Belize,2019,527.0,503.0
84,Belize,2020,247.0,144.0
84,Belize,2021,374.0,219.0
90,Solomon Islands,1995,17.0,12.0
90,Solomon Islands,2005,6.0,9.0
90,Solomon Islands,2010,51.0,21.0
90,Solomon Islands,2019,82.0,29.0
90,Solomon Islands,2020,7.0,4.0
90,Solomon Islands,2021,,1.0
92,British Virgin Islands,1995,211.0,219.0
92,British Virgin Islands,2005,412.0,337.0
92,British Virgin Islands,2010,389.0,330.0
92,British Virgin Islands,2019,,302.0
92,British Virgin Islands,2020,,83.0
92,British Virgin Islands,2021,,56.0
96,Brunei Darussalam,2005,191.0,126.0
96,Brunei Darussalam,2010,,214.0
96,Brunei Darussalam,2019,217.0,333.0
96,Brunei Darussalam,2020,38.0,62.0
96,Brunei Darussalam,2021,2.0,4.0
100,Bulgaria,1995,662.0,3466.0
100,Bulgaria,2005,3063.0,4837.0
100,Bulgaria,2010,3807.0,6047.0
100,Bulgaria,2019,4832.0,7775.0
100,Bulgaria,2020,1792.0,1290.0
100,Bulgaria,2021,2734.0,2300.0
104,Myanmar,1995,169.0,194.0
104,Myanmar,2005,83.0,660.0
104,Myanmar,2010,91.0,792.0
104,Myanmar,2019,2501.0,4364.0
104,Myanmar,2020,,903.0
104,Myanmar,2021,,131.0
108,Burundi,1995,2.0,34.0
108,Burundi,2005,2.0,148.0
108,Burundi,2010,2.0,142.0
112,Belarus,1995,28.0,
112,Belarus,2005,346.0,4738.0
112,Belarus,2010,665.0,5674.0
112,Belarus,2019,1290.0,11832.0
112,Belarus,2020,546.0,3598.0
112,Belarus,2021,662.0,3361.0
116,Cambodia,1995,71.0,220.0
116,Cambodia,2005,929.0,1422.0
116,Cambodia,2010,1671.0,2508.0
116,Cambodia,2019,5312.0,6611.0
116,Cambodia,2020,1119.0,1306.0
116,Cambodia,2021,197.0,196.0
120,Cameroon,1995,75.0,100.0
120,Cameroon,2005,229.0,176.0
120,Cameroon,2010,171.0,569.0
120,Cameroon,2019,681.0,
120,Cameroon,2020,437.0,
120,Cameroon,2021,508.0,
124,Canada,1995,9176.0,16932.0
124,Canada,2005,15891.0,18771.0
124,Canada,2010,18440.0,16219.0
124,Canada,2019,,22145.0
124,Canada,2020,,2960.0
124,Canada,2021,,3062.0
132,Cabo Verde,1995,29.0,28.0
132,Cabo Verde,2005,177.0,198.0
132,Cabo Verde,2010,387.0,336.0
132,Cabo Verde,2019,571.0,758.0
132,Cabo Verde,2020,169.0,180.0
132,Cabo Verde,2021,144.0,135.0
136,Cayman Islands,1995,394.0,361.0
136,Cayman Islands,2005,356.0,168.0
136,Cayman Islands,2010,465.0,288.0
136,Cayman Islands,2019,964.0,503.0
136,Cayman Islands,2020,260.0,122.0
136,Cayman Islands,2021,,17.0
140,Central African Republic,1995,4.0,26.0
140,Central African Republic,2005,7.0,12.0
140,Central African Republic,2010,14.0,54.0
140,Central African Republic,2019,22.0,87.0
140,Central African Republic,2020,31.0,35.0
144,Sri Lanka,1995,367.0,403.0
144,Sri Lanka,2005,729.0,549.0
144,Sri Lanka,2010,1044.0,654.0
144,Sri Lanka,2019,4663.0,1914.0
144,Sri Lanka,2020,1076.0,508.0
144,Sri Lanka,2021,615.0,194.0
148,Chad,1995,43.0,19.0
148,Chad,2005,,29.0
148,Chad,2010,,71.0
148,Chad,2019,,79.0
148,Chad,2020,,11.0
148,Chad,2021,,40.0
152,Chile,1995,1186.0,1540.0
152,Chile,2005,1608.0,2027.0
152,Chile,2010,2362.0,2801.0
152,Chile,2019,3316.0,4518.0
152,Chile,2020,911.0,1119.0
152,Chile,2021,633.0,190.0
156,China,1995,8730.0,20034.0
156,China,2005,29296.0,46809.0
156,China,2010,45814.0,55664.0
156,China,2019,35832.0,65725.0
156,China,2020,9951.0,7967.0
156,China,2021,11328.0,
158,Other non-specified areas,1995,3985.0,2332.0
158,Other non-specified areas,2005,5740.0,3378.0
158,Other non-specified areas,2010,10387.0,5567.0
158,Other non-specified areas,2019,17102.0,11864.0
158,Other non-specified areas,2020,2346.0,1378.0
158,Other non-specified areas,2021,901.0,140.0
170,Colombia,1995,887.0,1399.0
170,Colombia,2005,1891.0,933.0
170,Colombia,2010,3473.0,1405.0
170,Colombia,2019,6784.0,4169.0
170,Colombia,2020,1932.0,1262.0
170,Colombia,2021,2939.0,2155.0
174,Comoros,1995,22.0,23.0
174,Comoros,2005,24.0,26.0
174,Comoros,2010,35.0,15.0
174,Comoros,2019,73.0,45.0
174,Comoros,2020,19.0,7.0
174,Comoros,2021,72.0,29.0
178,Congo,1995,15.0,37.0
178,Congo,2005,,35.0
178,Congo,2010,39.0,194.0
178,Congo,2019,34.0,
178,Congo,2020,6.0,
180,Democratic Republic of the Congo,1995,,35.0
180,Democratic Republic of the Congo,2005,3.0,61.0
180,Democratic Republic of the Congo,2010,11.0,81.0
180,Democratic Republic of the Congo,2019,100.0,
180,Democratic Republic of the Congo,2020,81.0,
180,Democratic Republic of the Congo,2021,108.0,
184,Cook Islands,1995,28.0,48.0
184,Cook Islands,2005,91.0,88.0
184,Cook Islands,2010,111.0,104.0
184,Cook Islands,2019,228.0,172.0
184,Cook Islands,2020,37.0,25.0
184,Cook Islands,2021,43.0,26.0
188,Costa Rica,1995,763.0,785.0
188,Costa Rica,2005,2008.0,1679.0
188,Costa Rica,2010,2426.0,2100.0
188,Costa Rica,2019,4339.0,3139.0
188,Costa Rica,2020,1450.0,1012.0
188,Costa Rica,2021,1707.0,1347.0
191,Croatia,1995,,1485.0
191,Croatia,2005,7625.0,7743.0
191,Croatia,2010,8299.0,9111.0
191,Croatia,2019,11971.0,17353.0
191,Croatia,2020,5551.0,5545.0
191,Croatia,2021,10891.0,10641.0
192,Cuba,1995,1100.0,742.0
192,Cuba,2005,2591.0,2261.0
192,Cuba,2010,2396.0,2507.0
192,Cuba,2019,2645.0,4263.0
192,Cuba,2020,1152.0,1085.0
192,Cuba,2021,417.0,356.0
196,Cyprus,1995,2018.0,2100.0
196,Cyprus,2005,2644.0,2470.0
196,Cyprus,2010,2137.0,2173.0
196,Cyprus,2019,3251.0,3977.0
196,Cyprus,2020,734.0,632.0
196,Cyprus,2021,2090.0,1937.0
203,Czechia,1995,,3381.0
203,Czechia,2005,5772.0,9404.0
203,Czechia,2010,8068.0,8629.0
203,Czechia,2019,7967.0,14651.0
203,Czechia,2020,3853.0,3919.0
203,Czechia,2021,3356.0,
204,Benin,1995,,138.0
204,Benin,2005,108.0,176.0
204,Benin,2010,149.0,200.0
204,Benin,2019,241.0,309.0
204,Benin,2020,203.0,325.0
208,Denmark,1995,3691.0,
208,Denmark,2005,5293.0,26927.0
208,Denmark,2010,5704.0,26730.0
208,Denmark,2019,8651.0,32101.0
208,Denmark,2020,3970.0,16066.0
208,Denmark,2021,4507.0,18405.0
212,Dominica,1995,42.0,60.0
212,Dominica,2005,57.0,79.0
212,Dominica,2010,94.0,77.0
212,Dominica,2019,135.0,90.0
212,Dominica,2020,30.0,22.0
212,Dominica,2021,19.0,15.0
214,Dominican Republic,1995,1571.0,1776.0
214,Dominican Republic,2005,3518.0,3691.0
214,Dominican Republic,2010,4162.0,4125.0
214,Dominican Republic,2019,7472.0,6446.0
214,Dominican Republic,2020,2675.0,2405.0
214,Dominican Republic,2021,5687.0,4994.0
218,Ecuador,1995,315.0,440.0
218,Ecuador,2005,488.0,860.0
218,Ecuador,2010,786.0,1047.0
218,Ecuador,2019,2288.0,2108.0
218,Ecuador,2020,705.0,507.0
218,Ecuador,2021,1063.0,669.0
222,El Salvador,1995,152.0,235.0
222,El Salvador,2005,656.0,1127.0
222,El Salvador,2010,646.0,1150.0
222,El Salvador,2019,1664.0,1766.0
222,El Salvador,2020,755.0,549.0
222,El Salvador,2021,1225.0,1219.0
226,Equatorial Guinea,1995,1.0,
231,Ethiopia,1995,177.0,103.0
231,Ethiopia,2005,533.0,227.0
231,Ethiopia,2010,1434.0,468.0
231,Ethiopia,2019,3529.0,812.0
231,Ethiopia,2020,2282.0,271.0
231,Ethiopia,2021,2601.0,518.0
232,Eritrea,1995,58.0,315.0
232,Eritrea,2005,66.0,83.0
232,Eritrea,2010,,84.0
233,Estonia,1995,452.0,530.0
233,Estonia,2005,1229.0,1917.0
233,Estonia,2010,,2511.0
233,Estonia,2019,2304.0,3336.0
233,Estonia,2020,826.0,1023.0
233,Estonia,2021,901.0,808.0
242,Fiji,1995,369.0,318.0
242,Fiji,2005,722.0,545.0
242,Fiji,2010,825.0,632.0
242,Fiji,2019,1345.0,894.0
242,Fiji,2020,237.0,147.0
242,Fiji,2021,66.0,32.0
246,Finland,1995,2383.0,1779.0
246,Finland,2005,3069.0,3140.0
246,Finland,2010,4496.0,3670.0
246,Finland,2019,5944.0,3290.0
246,Finland,2020,1757.0,896.0
246,Finland,2021,1541.0,807.0
250,France,1995,31295.0,60033.0
250,France,2005,52126.0,74988.0
250,France,2010,56178.0,76647.0
250,France,2019,70786.0,90914.0
250,France,2020,35849.0,41684.0
250,France,2021,44402.0,48395.0
254,French Guiana,2005,44.0,95.0
258,French Polynesia,1995,326.0,172.0
258,French Polynesia,2005,759.0,208.0
258,French Polynesia,2010,630.0,154.0
258,French Polynesia,2019,,237.0
258,French Polynesia,2020,,77.0
258,French Polynesia,2021,,83.0
262,Djibouti,1995,5.0,21.0
262,Djibouti,2005,7.0,30.0
262,Djibouti,2010,18.0,51.0
262,Djibouti,2019,63.0,167.0
262,Djibouti,2020,30.0,75.0
262,Djibouti,2021,38.0,114.0
266,Gabon,1995,94.0,125.0
266,Gabon,2005,13.0,269.0
266,Gabon,2010,89.0,
268,Georgia,2005,287.0,
268,Georgia,2010,737.0,1067.0
268,Georgia,2019,3551.0,5080.0
268,Georgia,2020,586.0,1087.0
268,Georgia,2021,1351.0,1577.0
270,Gambia,1995,,45.0
270,Gambia,2005,59.0,108.0
270,Gambia,2010,80.0,91.0
270,Gambia,2019,157.0,620.0
270,Gambia,2020,53.0,246.0
270,Gambia,2021,67.0,332.0
275,State of Palestine,1995,255.0,
275,State of Palestine,2005,52.0,88.0
275,State of Palestine,2010,409.0,522.0
275,State of Palestine,2019,726.0,1110.0
275,State of Palestine,2020,465.0,170.0
275,State of Palestine,2021,266.0,
276,Germany,1995,24053.0,14847.0
276,Germany,2005,40518.0,21500.0
276,Germany,2010,49116.0,26875.0
276,Germany,2019,41779.0,39563.0
276,Germany,2020,22068.0,12449.0
276,Germany,2021,22113.0,11688.0
288,Ghana,1995,30.0,286.0
288,Ghana,2005,867.0,429.0
288,Ghana,2010,706.0,931.0
288,Ghana,2019,1490.0,1130.0
288,Ghana,2020,191.0,355.0
288,Ghana,2021,664.0,624.0
296,Kiribati,1995,,4.0
296,Kiribati,2005,,4.0
296,Kiribati,2010,4.0,5.0
296,Kiribati,2019,3.0,8.0
296,Kiribati,2020,0.0,1.0
296,Kiribati,2021,0.0,0.0
300,Greece,1995,4182.0,10130.0
300,Greece,2005,13455.0,14765.0
300,Greece,2010,13857.0,15007.0
300,Greece,2019,23003.0,31348.0
300,Greece,2020,6193.0,7374.0
300,Greece,2021,13666.0,14705.0
308,Grenada,1995,76.0,108.0
308,Grenada,2005,71.0,99.0
308,Grenada,2010,112.0,110.0
308,Grenada,2019,562.0,188.0
308,Grenada,2020,181.0,54.0
308,Grenada,2021,231.0,47.0
312,Guadeloupe,1995,458.0,640.0
312,Guadeloupe,2005,306.0,372.0
312,Guadeloupe,2010,510.0,392.0
316,Guam,1995,,1362.0
316,Guam,2005,,1228.0
316,Guam,2010,,1197.0
316,Guam,2019,,1667.0
316,Guam,2020,,328.0
316,Guam,2021,,79.0
320,Guatemala,1995,216.0,
320,Guatemala,2005,791.0,
320,Guatemala,2010,1053.0,1119.0
320,Guatemala,2019,1227.0,1752.0
320,Guatemala,2020,329.0,396.0
320,Guatemala,2021,393.0,602.0
324,Guinea,1995,1.0,
324,Guinea,2005,,45.0
324,Guinea,2010,2.0,12.0
324,Guinea,2019,10.0,
324,Guinea,2020,1.0,
324,Guinea,2021,13.0,
328,Guyana,1995,33.0,106.0
328,Guyana,2005,35.0,117.0
328,Guyana,2010,80.0,152.0
328,Guyana,2019,27.0,315.0
328,Guyana,2020,24.0,87.0
328,Guyana,2021,26.0,158.0
332,Haiti,1995,90.0,145.0
332,Haiti,2005,80.0,112.0
332,Haiti,2010,383.0,255.0
332,Haiti,2019,450.0,286.0
332,Haiti,2020,98.0,203.0
332,Haiti,2021,80.0,148.0
340,Honduras,1995,85.0,271.0
340,Honduras,2005,465.0,673.0
340,Honduras,2010,627.0,863.0
340,Honduras,2019,558.0,724.0
340,Honduras,2020,157.0,204.0
340,Honduras,2021,305.0,459.0
344,Hong Kong,2005,13588.0,14773.0
344,Hong Kong,2010,27208.0,20085.0
344,Hong Kong,2019,32697.0,23752.0
344,Hong Kong,2020,,1359.0
344,Hong Kong,2021,,89.0
348,Hungary,1995,2938.0,2878.0
348,Hungary,2005,4761.0,9979.0
348,Hungary,2010,6595.0,9510.0
348,Hungary,2019,10225.0,16937.0
348,Hungary,2020,4223.0,7417.0
348,Hungary,2021,5783.0,7929.0
352,Iceland,1995,186.0,190.0
352,Iceland,2005,413.0,374.0
352,Iceland,2010,562.0,489.0
352,Iceland,2019,2689.0,2013.0
352,Iceland,2020,654.0,486.0
352,Iceland,2021,1303.0,698.0
356,India,1995,,2124.0
356,India,2005,7659.0,3919.0
356,India,2010,,5776.0
356,India,2019,31661.0,17914.0
356,India,2020,13413.0,6337.0
356,India,2021,9135.0,7010.0
360,Indonesia,2005,5094.0,
360,Indonesia,2010,7618.0,
360,Indonesia,2019,18405.0,15455.0
360,Indonesia,2020,3603.0,3915.0
360,Indonesia,2021,548.0,1546.0
364,Iran,1995,205.0,452.0
364,Iran,2005,1025.0,1889.0
364,Iran,2010,2631.0,2938.0
364,Iran,2019,,9107.0
364,Iran,2020,,1550.0
364,Iran,2021,,989.0
368,Iraq,1995,,61.0
368,Iraq,2005,186.0,
368,Iraq,2010,1736.0,1518.0
368,Iraq,2019,3593.0,
368,Iraq,2020,955.0,
368,Iraq,2021,1963.0,
372,Ireland,1995,2698.0,4818.0
372,Ireland,2005,6779.0,7333.0
372,Ireland,2010,8185.0,7134.0
372,Ireland,2019,14808.0,10951.0
372,Ireland,2020,4665.0,
372,Ireland,2021,5206.0,
376,Israel,1995,3491.0,2215.0
376,Israel,2005,3750.0,1903.0
376,Israel,2010,5638.0,2803.0
376,Israel,2019,8459.0,4552.0
376,Israel,2020,2661.0,831.0
376,Israel,2021,2427.0,397.0
380,Italy,1995,30411.0,31052.0
380,Italy,2005,38364.0,36513.0
380,Italy,2010,,43626.0
380,Italy,2019,51910.0,64513.0
380,Italy,2020,20317.0,25190.0
380,Italy,2021,25355.0,26888.0
384,Côte d’Ivoire,1995,103.0,188.0
384,Côte d’Ivoire,2005,93.0,
384,Côte d’Ivoire,2010,213.0,252.0
384,Côte d’Ivoire,2019,550.0,2070.0
384,Côte d’Ivoire,2020,199.0,668.0
384,Côte d’Ivoire,2021,,576.0
388,Jamaica,1995,1069.0,1147.0
388,Jamaica,2005,1545.0,1479.0
388,Jamaica,2010,2001.0,1922.0
388,Jamaica,2019,3599.0,2681.0
388,Jamaica,2020,1349.0,880.0
388,Jamaica,2021,2119.0,1464.0
392,Japan,1995,4894.0,3345.0
392,Japan,2005,15554.0,6728.0
392,Japan,2010,15356.0,8611.0
392,Japan,2019,49209.0,31881.0
392,Japan,2020,11396.0,4116.0
392,Japan,2021,5225.0,246.0
398,Kazakhstan,1995,155.0,
398,Kazakhstan,2005,801.0,4365.0
398,Kazakhstan,2010,1236.0,4097.0
398,Kazakhstan,2019,2915.0,8515.0
398,Kazakhstan,2020,585.0,2035.0
398,Kazakhstan,2021,688.0,1330.0
400,Jordan,1995,973.0,1075.0
400,Jordan,2005,1759.0,2987.0
400,Jordan,2010,4390.0,4207.0
400,Jordan,2019,6765.0,4488.0
400,Jordan,2020,1745.0,1067.0
400,Jordan,2021,3426.0,2012.0
404,Kenya,1995,785.0,918.0
404,Kenya,2005,969.0,1399.0
404,Kenya,2010,1620.0,1470.0
404,Kenya,2019,1762.0,
404,Kenya,2020,739.0,
404,Kenya,2021,1222.0,
410,Republic of Korea,1995,6670.0,3753.0
410,Republic of Korea,2005,8282.0,6023.0
410,Republic of Korea,2010,14315.0,8798.0
410,Republic of Korea,2019,25456.0,17503.0
410,Republic of Korea,2020,11524.0,2519.0
410,Republic of Korea,2021,11084.0,967.0
414,Kuwait,1995,307.0,72.0
414,Kuwait,2005,413.0,104.0
414,Kuwait,2010,574.0,207.0
414,Kuwait,2019,1198.0,153.0
414,Kuwait,2020,526.0,86.0
414,Kuwait,2021,708.0,85.0
417,Kyrgyzstan,2005,94.0,319.0
417,Kyrgyzstan,2010,212.0,1224.0
417,Kyrgyzstan,2019,708.0,8508.0
417,Kyrgyzstan,2020,195.0,2079.0
417,Kyrgyzstan,2021,259.0,3169.0
418,Lao People's Democratic Republic,1995,52.0,60.0
418,Lao People's Democratic Republic,2005,143.0,672.0
418,Lao People's Democratic Republic,2010,385.0,1670.0
418,Lao People's Democratic Republic,2019,974.0,4384.0
418,Lao People's Democratic Republic,2020,227.0,812.0
418,Lao People's Democratic Republic,2021,6.0,
422,Lebanon,1995,710.0,450.0
422,Lebanon,2005,5969.0,1140.0
422,Lebanon,2010,8026.0,2168.0
422,Lebanon,2019,8717.0,1936.0
422,Lebanon,2020,2369.0,414.0
422,Lebanon,2021,3162.0,890.0
426,Lesotho,1995,27.0,87.0
426,Lesotho,2005,27.0,
426,Lesotho,2010,23.0,414.0
426,Lesotho,2019,21.0,
426,Lesotho,2020,6.0,
426,Lesotho,2021,8.0,
428,Latvia,1995,37.0,539.0
428,Latvia,2005,446.0,1116.0
428,Latvia,2010,,1373.0
428,Latvia,2019,,1935.0
428,Latvia,2020,,636.0
428,Latvia,2021,,478.0
430,Liberia,2005,67.0,
430,Liberia,2019,2.0,
434,Libya,1995,4.0,56.0
434,Libya,2005,301.0,81.0
434,Libya,2010,170.0,
434,Libya,2019,150.0,
434,Libya,2020,93.0,
438,Liechtenstein,1995,,59.0
438,Liechtenstein,2005,,50.0
438,Liechtenstein,2010,,64.0
438,Liechtenstein,2019,,98.0
438,Liechtenstein,2020,,58.0
438,Liechtenstein,2021,,70.0
440,Lithuania,1995,77.0,650.0
440,Lithuania,2005,920.0,2000.0
440,Lithuania,2010,958.0,1507.0
440,Lithuania,2019,1492.0,2875.0
440,Lithuania,2020,574.0,937.0
440,Lithuania,2021,585.0,948.0
442,Luxembourg,1995,,768.0
442,Luxembourg,2005,4867.0,913.0
442,Luxembourg,2010,6057.0,805.0
442,Luxembourg,2019,6309.0,1041.0
442,Luxembourg,2020,5103.0,525.0
442,Luxembourg,2021,5584.0,756.0
446,Macao,1995,3233.0,4202.0
446,Macao,2005,7181.0,9014.0
446,Macao,2010,22688.0,11926.0
446,Macao,2019,41165.0,18633.0
446,Macao,2020,9442.0,2822.0
446,Macao,2021,15679.0,3697.0
450,Madagascar,1995,106.0,75.0
450,Madagascar,2005,275.0,277.0
450,Madagascar,2010,425.0,196.0
450,Madagascar,2019,951.0,384.0
450,Madagascar,2020,202.0,68.0
450,Madagascar,2021,111.0,
454,Malawi,1995,22.0,192.0
454,Malawi,2005,48.0,438.0
454,Malawi,2010,45.0,746.0
454,Malawi,2019,41.0,978.0
454,Malawi,2020,28.0,199.0
454,Malawi,2021,29.0,432.0
458,Malaysia,1995,5044.0,7469.0
458,Malaysia,2005,10389.0,16431.0
458,Malaysia,2010,19619.0,24577.0
458,Malaysia,2019,22200.0,26101.0
458,Malaysia,2020,3373.0,4333.0
458,Malaysia,2021,116.0,135.0
462,Maldives,1995,,315.0
462,Maldives,2005,,395.0
462,Maldives,2010,,792.0
462,Maldives,2019,3171.0,1703.0
462,Maldives,2020,1408.0,555.0
462,Maldives,2021,3490.0,1322.0
466,Mali,1995,26.0,42.0
466,Mali,2005,149.0,143.0
466,Mali,2010,208.0,169.0
466,Mali,2019,235.0,217.0
466,Mali,2020,82.0,75.0
466,Mali,2021,,168.0
470,Malta,1995,656.0,1116.0
470,Malta,2005,755.0,1171.0
470,Malta,2010,1066.0,1339.0
470,Malta,2019,1897.0,2753.0
470,Malta,2020,392.0,659.0
470,Malta,2021,772.0,968.0
474,Martinique,1995,384.0,457.0
474,Martinique,2005,280.0,484.0
474,Martinique,2010,472.0,478.0
474,Martinique,2019,549.0,556.0
474,Martinique,2020,280.0,312.0
474,Martinique,2021,283.0,291.0
478,Mauritania,2019,14.0,
478,Mauritania,2020,6.0,
478,Mauritania,2021,7.0,
480,Mauritius,1995,616.0,422.0
480,Mauritius,2005,1189.0,761.0
480,Mauritius,2010,1585.0,935.0
480,Mauritius,2019,2024.0,1383.0
480,Mauritius,2020,518.0,309.0
480,Mauritius,2021,383.0,180.0
484,Mexico,1995,6847.0,20241.0
484,Mexico,2005,12801.0,21915.0
484,Mexico,2010,12628.0,23290.0
484,Mexico,2019,25847.0,45024.0
484,Mexico,2020,11455.0,24824.0
484,Mexico,2021,20554.0,31860.0
492,Monaco,1995,,233.0
492,Monaco,2005,,286.0
492,Monaco,2010,,279.0
492,Monaco,2019,,363.0
492,Monaco,2020,,159.0
492,Monaco,2021,,218.0
496,Mongolia,1995,33.0,
496,Mongolia,2005,203.0,339.0
496,Mongolia,2010,288.0,456.0
496,Mongolia,2019,605.0,577.0
496,Mongolia,2020,49.0,59.0
496,Mongolia,2021,34.0,33.0
498,Republic of Moldova,1995,71.0,32.0
498,Republic of Moldova,2005,138.0,67.0
498,Republic of Moldova,2010,222.0,64.0
498,Republic of Moldova,2019,521.0,174.0
498,Republic of Moldova,2020,353.0,29.0
498,Republic of Moldova,2021,484.0,69.0
499,Montenegro,2005,,272.0
499,Montenegro,2010,765.0,1088.0
499,Montenegro,2019,1276.0,2510.0
499,Montenegro,2020,180.0,351.0
499,Montenegro,2021,902.0,1554.0
500,Montserrat,1995,17.0,18.0
500,Montserrat,2005,9.0,10.0
500,Montserrat,2010,6.0,6.0
500,Montserrat,2019,12.0,10.0
500,Montserrat,2020,5.0,5.0
500,Montserrat,2021,2.0,2.0
504,Morocco,1995,1469.0,2602.0
504,Morocco,2005,5426.0,5843.0
504,Morocco,2010,8176.0,9288.0
504,Morocco,2019,9949.0,12932.0
504,Morocco,2020,4514.0,2778.0
504,Morocco,2021,4641.0,3722.0
508,Mozambique,2005,138.0,578.0
508,Mozambique,2010,135.0,1718.0
508,Mozambique,2019,324.0,2019.0
508,Mozambique,2020,113.0,952.0
508,Mozambique,2021,188.0,492.0
512,Oman,1995,,279.0
512,Oman,2005,627.0,891.0
512,Oman,2010,1072.0,1441.0
512,Oman,2019,3193.0,2500.0
512,Oman,2020,722.0,622.0
512,Oman,2021,511.0,464.0
516,Namibia,1995,,272.0
516,Namibia,2005,362.0,778.0
516,Namibia,2010,471.0,984.0
516,Namibia,2019,451.0,1596.0
516,Namibia,2020,155.0,170.0
516,Namibia,2021,143.0,233.0
520,Nauru,2010,1.0,
524,Nepal,1995,232.0,363.0
524,Nepal,2005,160.0,375.0
524,Nepal,2010,378.0,603.0
524,Nepal,2019,801.0,1197.0
524,Nepal,2020,238.0,230.0
524,Nepal,2021,176.0,151.0
528,Netherlands,1995,10611.0,6574.0
528,Netherlands,2005,,10012.0
528,Netherlands,2010,,10883.0
528,Netherlands,2019,22116.0,20129.0
528,Netherlands,2020,10720.0,7265.0
528,Netherlands,2021,10535.0,6248.0
531,Curaçao,1995,175.0,224.0
531,Curaçao,2005,244.0,222.0
531,Curaçao,2010,438.0,342.0
531,Curaçao,2019,706.0,464.0
531,Curaçao,2020,282.0,175.0
531,Curaçao,2021,462.0,265.0
533,Aruba,1995,554.0,619.0
533,Aruba,2005,1097.0,733.0
533,Aruba,2010,1254.0,824.0
533,Aruba,2019,2109.0,1119.0
533,Aruba,2020,1079.0,368.0
533,Aruba,2021,1788.0,807.0
534,Sint Maarten (Dutch part),1995,,460.0
534,Sint Maarten (Dutch part),2005,,468.0
534,Sint Maarten (Dutch part),2010,681.0,443.0
534,Sint Maarten (Dutch part),2019,708.0,320.0
534,Sint Maarten (Dutch part),2020,243.0,106.0
534,Sint Maarten (Dutch part),2021,499.0,249.0
540,New Caledonia,1995,108.0,86.0
540,New Caledonia,2005,149.0,101.0
540,New Caledonia,2010,129.0,99.0
540,New Caledonia,2019,,131.0
540,New Caledonia,2020,,31.0
540,New Caledonia,2021,,12.0
548,Vanuatu,1995,,44.0
548,Vanuatu,2005,104.0,62.0
548,Vanuatu,2010,242.0,97.0
548,Vanuatu,2019,287.0,121.0
548,Vanuatu,2020,58.0,22.0
548,Vanuatu,2021,2.0,
554,New Zealand,1995,2318.0,
554,New Zealand,2005,6486.0,2353.0
554,New Zealand,2010,6523.0,2435.0
554,New Zealand,2019,10580.0,3702.0
554,New Zealand,2020,5686.0,948.0
554,New Zealand,2021,2875.0,205.0
558,Nicaragua,1995,50.0,281.0
558,Nicaragua,2005,206.0,712.0
558,Nicaragua,2010,314.0,1011.0
558,Nicaragua,2019,515.0,1295.0
558,Nicaragua,2020,199.0,384.0
558,Nicaragua,2021,184.0,222.0
562,Niger,1995,,35.0
562,Niger,2005,44.0,58.0
562,Niger,2010,106.0,74.0
562,Niger,2019,130.0,192.0
562,Niger,2020,97.0,85.0
566,Nigeria,1995,47.0,656.0
566,Nigeria,2005,139.0,1010.0
566,Nigeria,2010,736.0,1555.0
566,Nigeria,2019,1471.0,2005.0
566,Nigeria,2020,321.0,502.0
566,Nigeria,2021,265.0,518.0
570,Niue,1995,2.0,2.0
570,Niue,2005,1.0,3.0
570,Niue,2010,2.0,6.0
570,Niue,2019,,10.0
570,Niue,2020,,1.0
570,Niue,2021,,0.0
578,Norway,1995,2730.0,2880.0
578,Norway,2005,4243.0,3824.0
578,Norway,2010,5299.0,4767.0
578,Norway,2019,7390.0,5879.0
578,Norway,2020,2234.0,1397.0
578,Norway,2021,2310.0,1435.0
580,Northern Mariana Islands,1995,655.0,676.0
580,Northern Mariana Islands,2005,,507.0
580,Northern Mariana Islands,2010,,379.0
580,Northern Mariana Islands,2019,,487.0
580,Northern Mariana Islands,2020,,89.0
580,Northern Mariana Islands,2021,,13.0
583,Micronesia,2005,,19.0
583,Micronesia,2010,24.0,45.0
583,Micronesia,2019,,18.0
584,Marshall Islands,1995,3.0,6.0
584,Marshall Islands,2005,4.0,9.0
584,Marshall Islands,2010,4.0,5.0
584,Marshall Islands,2019,4.0,6.0
584,Marshall Islands,2020,4.0,1.0
584,Marshall Islands,2021,,0.0
585,Palau,1995,,53.0
585,Palau,2005,63.0,81.0
585,Palau,2010,76.0,85.0
585,Palau,2019,,94.0
585,Palau,2020,,18.0
586,Pakistan,1995,582.0,378.0
586,Pakistan,2005,828.0,798.0
586,Pakistan,2010,998.0,907.0
586,Pakistan,2019,992.0,
586,Pakistan,2020,765.0,
586,Pakistan,2021,884.0,
591,Panama,1995,372.0,345.0
591,Panama,2005,1108.0,702.0
591,Panama,2010,2621.0,1324.0
591,Panama,2019,7051.0,1753.0
591,Panama,2020,1853.0,414.0
591,Panama,2021,3607.0,618.0
598,Papua New Guinea,1995,,42.0
598,Papua New Guinea,2005,9.0,69.0
598,Papua New Guinea,2010,2.0,140.0
598,Papua New Guinea,2019,,160.0
598,Papua New Guinea,2020,,39.0
598,Papua New Guinea,2021,,17.0
600,Paraguay,1995,162.0,438.0
600,Paraguay,2005,96.0,341.0
600,Paraguay,2010,243.0,465.0
600,Paraguay,2019,409.0,1216.0
600,Paraguay,2020,98.0,252.0
600,Paraguay,2021,66.0,95.0
604,Peru,1995,521.0,479.0
604,Peru,2005,1438.0,1571.0
604,Peru,2010,2475.0,2299.0
604,Peru,2019,4703.0,4372.0
604,Peru,2020,1002.0,897.0
604,Peru,2021,1043.0,444.0
608,Philippines,1995,1141.0,1760.0
608,Philippines,2005,2863.0,2623.0
608,Philippines,2010,3441.0,3520.0
608,Philippines,2019,11455.0,8261.0
608,Philippines,2020,2499.0,1483.0
608,Philippines,2021,984.0,164.0
616,Poland,1995,6927.0,19215.0
616,Poland,2005,7161.0,15200.0
616,Poland,2010,9875.0,12470.0
616,Poland,2019,16011.0,21158.0
616,Poland,2020,8843.0,8418.0
616,Poland,2021,10136.0,9722.0
620,Portugal,1995,5646.0,9511.0
620,Portugal,2005,9038.0,10612.0
620,Portugal,2010,12984.0,6756.0
620,Portugal,2019,24592.0,17283.0
620,Portugal,2020,10533.0,4208.0
620,Portugal,2021,13823.0,6345.0
624,Guinea-Bissau,2005,2.0,5.0
624,Guinea-Bissau,2010,13.0,22.0
624,Guinea-Bissau,2019,19.0,52.0
624,Guinea-Bissau,2020,3.0,
626,Timor-Leste,2010,24.0,40.0
626,Timor-Leste,2019,70.0,81.0
626,Timor-Leste,2020,26.0,18.0
626,Timor-Leste,2021,12.0,6.0
630,Puerto Rico,1995,1828.0,3131.0
630,Puerto Rico,2005,3239.0,3686.0
630,Puerto Rico,2010,3211.0,3186.0
630,Puerto Rico,2019,3612.0,3180.0
630,Puerto Rico,2020,2921.0,2617.0
630,Puerto Rico,2021,2787.0,2755.0
634,Qatar,2010,,1700.0
634,Qatar,2019,15647.0,2137.0
634,Qatar,2020,14318.0,582.0
634,Qatar,2021,14830.0,611.0
638,Réunion,1995,216.0,304.0
638,Réunion,2005,384.0,409.0
638,Réunion,2010,389.0,420.0
638,Réunion,2019,459.0,534.0
638,Réunion,2020,181.0,217.0
638,Réunion,2021,227.0,251.0
642,Romania,1995,689.0,5445.0
642,Romania,2005,1324.0,5839.0
642,Romania,2010,1631.0,7498.0
642,Romania,2019,4240.0,12815.0
642,Romania,2020,1619.0,5023.0
642,Romania,2021,3525.0,6789.0
643,Russia,1995,,10290.0
643,Russia,2005,7805.0,22201.0
643,Russia,2010,13239.0,22281.0
643,Russia,2019,17288.0,24419.0
643,Russia,2020,6029.0,6359.0
643,Russia,2021,6314.0,
646,Rwanda,1995,4.0,
646,Rwanda,2005,67.0,
646,Rwanda,2010,224.0,605.0
646,Rwanda,2019,636.0,1544.0
646,Rwanda,2020,212.0,460.0
646,Rwanda,2021,284.0,480.0
659,Saint Kitts and Nevis,1995,63.0,79.0
659,Saint Kitts and Nevis,2005,121.0,141.0
659,Saint Kitts and Nevis,2010,90.0,98.0
659,Saint Kitts and Nevis,2019,353.0,120.0
659,Saint Kitts and Nevis,2020,98.0,30.0
659,Saint Kitts and Nevis,2021,96.0,20.0
660,Anguilla,1995,50.0,39.0
660,Anguilla,2005,86.0,62.0
660,Anguilla,2010,99.0,62.0
660,Anguilla,2019,168.0,95.0
660,Anguilla,2020,47.0,25.0
660,Anguilla,2021,62.0,28.0
662,Saint Lucia,1995,230.0,231.0
662,Saint Lucia,2005,382.0,318.0
662,Saint Lucia,2010,309.0,306.0
662,Saint Lucia,2019,1064.0,424.0
662,Saint Lucia,2020,340.0,131.0
662,Saint Lucia,2021,780.0,199.0
667,Saba,1995,,10.0
667,Saba,2005,,12.0
667,Saba,2010,,12.0
668,Sint Eustatius,1995,,9.0
668,Sint Eustatius,2005,,10.0
668,Sint Eustatius,2010,,11.0
669,Bonaire,1995,37.0,59.0
669,Bonaire,2005,87.0,63.0
669,Bonaire,2010,,71.0
670,Saint Vincent & Grenadines,1995,53.0,60.0
670,Saint Vincent & Grenadines,2005,104.0,96.0
670,Saint Vincent & Grenadines,2010,86.0,72.0
670,Saint Vincent & Grenadines,2019,242.0,84.0
670,Saint Vincent & Grenadines,2020,88.0,27.0
670,Saint Vincent & Grenadines,2021,46.0,24.0
674,San Marino,1995,,28.0
674,San Marino,2005,,50.0
674,San Marino,2010,,120.0
674,San Marino,2019,227.0,111.0
674,San Marino,2020,155.0,58.0
674,San Marino,2021,,94.0
678,Sao Tome and Principe,1995,,6.0
678,Sao Tome and Principe,2005,7.0,16.0
678,Sao Tome and Principe,2010,11.0,8.0
678,Sao Tome and Principe,2019,45.0,35.0
678,Sao Tome and Principe,2020,16.0,11.0
678,Sao Tome and Principe,2021,30.0,15.0
682,Saudi Arabia,1995,,3325.0
682,Saudi Arabia,2005,,8037.0
682,Saudi Arabia,2010,7536.0,10850.0
682,Saudi Arabia,2019,19849.0,17526.0
682,Saudi Arabia,2020,4646.0,4138.0
682,Saudi Arabia,2021,4639.0,3477.0
686,Senegal,1995,168.0,280.0
686,Senegal,2005,334.0,769.0
686,Senegal,2010,464.0,900.0
688,Serbia,2005,308.0,453.0
688,Serbia,2010,950.0,683.0
688,Serbia,2019,2000.0,1847.0
688,Serbia,2020,1430.0,446.0
688,Serbia,2021,2172.0,871.0
690,Seychelles,1995,224.0,121.0
690,Seychelles,2005,269.0,129.0
690,Seychelles,2010,352.0,175.0
690,Seychelles,2019,884.0,384.0
690,Seychelles,2020,334.0,115.0
690,Seychelles,2021,594.0,183.0
694,Sierra Leone,1995,57.0,14.0
694,Sierra Leone,2005,64.0,40.0
694,Sierra Leone,2010,26.0,39.0
694,Sierra Leone,2019,43.0,63.0
694,Sierra Leone,2020,39.0,24.0
694,Sierra Leone,2021,,40.0
702,Singapore,1995,7611.0,6070.0
702,Singapore,2005,6209.0,7079.0
702,Singapore,2010,14178.0,9161.0
702,Singapore,2019,20313.0,15119.0
702,Singapore,2020,5176.0,2086.0
702,Singapore,2021,3808.0,325.0
703,Slovakia,1995,630.0,903.0
703,Slovakia,2005,1282.0,1515.0
703,Slovakia,2010,2334.0,1327.0
703,Slovakia,2019,3350.0,5630.0
703,Slovakia,2020,1340.0,
703,Slovakia,2021,1179.0,
704,Viet Nam,1995,,1351.0
704,Viet Nam,2005,2300.0,3477.0
704,Viet Nam,2010,4450.0,5050.0
704,Viet Nam,2019,11830.0,18009.0
704,Viet Nam,2020,3232.0,3837.0
704,Viet Nam,2021,149.0,157.0
705,Slovenia,1995,1128.0,732.0
705,Slovenia,2005,1894.0,1555.0
705,Slovenia,2010,2808.0,2049.0
705,Slovenia,2019,3353.0,4702.0
705,Slovenia,2020,1461.0,1216.0
705,Slovenia,2021,2032.0,1832.0
710,South Africa,1995,2654.0,4488.0
710,South Africa,2005,8629.0,7369.0
710,South Africa,2010,10309.0,8074.0
710,South Africa,2019,9064.0,10228.0
710,South Africa,2020,2716.0,2802.0
710,South Africa,2021,2113.0,2256.0
716,Zimbabwe,1995,145.0,1416.0
716,Zimbabwe,2005,99.0,1559.0
716,Zimbabwe,2010,135.0,2239.0
716,Zimbabwe,2019,285.0,2294.0
716,Zimbabwe,2020,66.0,639.0
716,Zimbabwe,2021,,381.0
724,Spain,1995,25368.0,32971.0
724,Spain,2005,51959.0,55914.0
724,Spain,2010,58348.0,52677.0
724,Spain,2019,79571.0,83509.0
724,Spain,2020,18379.0,18933.0
724,Spain,2021,34183.0,31181.0
729,Sudan,1995,8.0,29.0
729,Sudan,2005,114.0,246.0
729,Sudan,2010,82.0,495.0
729,Sudan,2019,821.0,
729,Sudan,2020,689.0,
729,Sudan,2021,1077.0,
740,Suriname,1995,52.0,43.0
740,Suriname,2005,96.0,161.0
740,Suriname,2010,69.0,205.0
740,Suriname,2019,64.0,
740,Suriname,2020,19.0,
740,Suriname,2021,14.0,
748,Eswatini,1995,54.0,300.0
748,Eswatini,2005,77.0,837.0
748,Eswatini,2010,51.0,868.0
748,Eswatini,2019,14.0,680.0
748,Eswatini,2020,7.0,194.0
748,Eswatini,2021,8.0,170.0
752,Sweden,1995,3471.0,2310.0
752,Sweden,2005,6554.0,4883.0
752,Sweden,2010,8336.0,5183.0
752,Sweden,2019,9173.0,7616.0
752,Sweden,2020,4347.0,1957.0
752,Sweden,2021,6032.0,2990.0
756,Switzerland,1995,11354.0,6946.0
756,Switzerland,2005,11914.0,7229.0
756,Switzerland,2010,17883.0,8628.0
756,Switzerland,2019,21378.0,11818.0
756,Switzerland,2020,11111.0,3690.0
756,Switzerland,2021,12125.0,4390.0
760,Syrian Arab Republic,1995,,815.0
760,Syrian Arab Republic,2005,2035.0,3571.0
760,Syrian Arab Republic,2010,6308.0,8546.0
762,Tajikistan,2005,9.0,
762,Tajikistan,2010,142.0,160.0
762,Tajikistan,2019,179.0,1257.0
762,Tajikistan,2020,102.0,351.0
762,Tajikistan,2021,99.0,296.0
764,Thailand,1995,9257.0,6952.0
764,Thailand,2005,12103.0,11567.0
764,Thailand,2010,23796.0,15936.0
764,Thailand,2019,64371.0,39916.0
764,Thailand,2020,14573.0,6702.0
764,Thailand,2021,5276.0,428.0
768,Togo,1995,,53.0
768,Togo,2005,27.0,81.0
768,Togo,2010,105.0,202.0
768,Togo,2019,264.0,876.0
768,Togo,2020,151.0,482.0
776,Tonga,1995,,29.0
776,Tonga,2005,15.0,42.0
776,Tonga,2010,17.0,47.0
776,Tonga,2019,57.0,67.0
776,Tonga,2020,48.0,9.0
776,Tonga,2021,9.0,0.0
780,Trinidad and Tobago,1995,232.0,260.0
780,Trinidad and Tobago,2005,593.0,463.0
780,Trinidad and Tobago,2010,630.0,388.0
780,Trinidad and Tobago,2019,481.0,389.0
780,Trinidad and Tobago,2020,152.0,95.0
780,Trinidad and Tobago,2021,60.0,41.0
784,United Arab Emirates,1995,632.0,2315.0
784,United Arab Emirates,2005,3218.0,7126.0
784,United Arab Emirates,2010,8577.0,
784,United Arab Emirates,2019,38413.0,21561.0
784,United Arab Emirates,2020,24615.0,7165.0
784,United Arab Emirates,2021,34440.0,11479.0
788,Tunisia,1995,1838.0,4120.0
788,Tunisia,2005,2800.0,6378.0
788,Tunisia,2010,3477.0,7828.0
788,Tunisia,2019,2683.0,9429.0
788,Tunisia,2020,1007.0,2012.0
788,Tunisia,2021,1241.0,2475.0
792,Türkiye,1995,,7083.0
792,Türkiye,2005,20760.0,20273.0
792,Türkiye,2010,26318.0,31364.0
792,Türkiye,2019,41313.0,51192.0
792,Türkiye,2020,13609.0,15894.0
792,Türkiye,2021,27899.0,29925.0
795,Turkmenistan,1995,,218.0
795,Turkmenistan,2005,,12.0
796,Turks and Caicos Islands,1995,53.0,79.0
796,Turks and Caicos Islands,2005,,176.0
796,Turks and Caicos Islands,2010,,281.0
796,Turks and Caicos Islands,2019,,487.0
796,Turks and Caicos Islands,2020,,165.0
796,Turks and Caicos Islands,2021,,405.0
798,Tuvalu,1995,,1.0
798,Tuvalu,2005,1.0,1.0
798,Tuvalu,2010,2.0,2.0
798,Tuvalu,2019,8.0,4.0
798,Tuvalu,2020,1.0,1.0
798,Tuvalu,2021,0.0,0.0
800,Uganda,1995,,160.0
800,Uganda,2005,382.0,468.0
800,Uganda,2010,802.0,946.0
800,Uganda,2019,1400.0,1543.0
800,Uganda,2020,519.0,473.0
800,Uganda,2021,942.0,513.0
804,Ukraine,1995,,3716.0
804,Ukraine,2005,3542.0,17631.0
804,Ukraine,2010,4696.0,21203.0
804,Ukraine,2019,2595.0,13438.0
804,Ukraine,2020,669.0,3141.0
804,Ukraine,2021,1387.0,3973.0
807,North Macedonia,1995,,147.0
807,North Macedonia,2005,116.0,197.0
807,North Macedonia,2010,199.0,262.0
807,North Macedonia,2019,401.0,758.0
807,North Macedonia,2020,253.0,118.0
807,North Macedonia,2021,387.0,294.0
818,Egypt,1995,2954.0,3133.0
818,Egypt,2005,7206.0,8608.0
818,Egypt,2010,13633.0,14731.0
818,Egypt,2019,14256.0,13026.0
818,Egypt,2020,4874.0,3677.0
818,Egypt,2021,9499.0,
826,United Kingdom,1995,20487.0,21719.0
826,United Kingdom,2005,34252.0,28039.0
826,United Kingdom,2010,38567.0,28911.0
826,United Kingdom,2019,58430.0,39418.0
826,United Kingdom,2020,26668.0,10714.0
826,United Kingdom,2021,32959.0,6287.0
834,United Rep. of Tanzania,1995,,285.0
834,United Rep. of Tanzania,2005,835.0,590.0
834,United Rep. of Tanzania,2010,1279.0,754.0
834,United Rep. of Tanzania,2019,2625.0,1443.0
834,United Rep. of Tanzania,2020,726.0,592.0
834,United Rep. of Tanzania,2021,1324.0,923.0
840,United States of America,1995,93743.0,43318.0
840,United States of America,2005,116682.0,49206.0
840,United States of America,2010,161821.0,60010.0
840,United States of America,2019,239065.0,79442.0
840,United States of America,2020,84300.0,19212.0
840,United States of America,2021,82974.0,22100.0
850,United States Virgin Islands,1995,822.0,454.0
850,United States Virgin Islands,2005,1432.0,594.0
850,United States Virgin Islands,2010,1223.0,572.0
850,United States Virgin Islands,2019,1031.0,514.0
850,United States Virgin Islands,2020,686.0,303.0
854,Burkina Faso,1995,,124.0
854,Burkina Faso,2005,46.0,245.0
854,Burkina Faso,2010,105.0,274.0
854,Burkina Faso,2019,173.0,143.0
854,Burkina Faso,2020,128.0,67.0
854,Burkina Faso,2021,,106.0
858,Uruguay,1995,725.0,2022.0
858,Uruguay,2005,699.0,1808.0
858,Uruguay,2010,1669.0,2353.0
858,Uruguay,2019,2335.0,3059.0
858,Uruguay,2020,1082.0,
858,Uruguay,2021,588.0,
860,Uzbekistan,1995,,92.0
860,Uzbekistan,2005,28.0,242.0
860,Uzbekistan,2010,121.0,975.0
860,Uzbekistan,2019,1481.0,6749.0
860,Uzbekistan,2020,345.0,1504.0
860,Uzbekistan,2021,553.0,1881.0
862,Venezuela,1995,995.0,700.0
862,Venezuela,2005,722.0,706.0
862,Venezuela,2010,885.0,526.0
882,Samoa,1995,36.0,68.0
882,Samoa,2005,74.0,102.0
882,Samoa,2010,124.0,122.0
882,Samoa,2019,206.0,172.0
882,Samoa,2020,23.0,23.0
882,Samoa,2021,0.0,3.0
887,Yemen,1995,,61.0
887,Yemen,2005,,336.0
887,Yemen,2010,1291.0,1025.0
894,Zambia,1995,,163.0
894,Zambia,2005,447.0,669.0
894,Zambia,2010,492.0,815.0
894,Zambia,2019,819.0,1266.0
894,Zambia,2020,412.0,502.0
894,Zambia,2021,393.0,554.0
